timeStamp,elapsed,label,responseCode,responseMessage,threadName,dataType,success,failureMessage,bytes,sentBytes,grpThreads,allThreads,URL,Latency,IdleTime,Connect
1684490199001,604,HTTP Request,200,OK,Thread Group 1-1,text,true,,531,275,7,7,http://10.42.80.156:26657/broadcast_tx_commit?tx=%22ADD+Siddharth+30971552+QmbZxVaJtikCxPjpAh6AhLAqkWaY5afFocBGYBomEE1LSV+123456789+Qmf4f1s5h3npE116JbTdvLJNRZcWZnyHRTf2PN1kUgfkoS%22,604,0,1
1684490199205,1756,HTTP Request,200,OK,Thread Group 1-3,text,true,,531,275,10,10,http://10.42.80.156:26657/broadcast_tx_commit?tx=%22ADD+Siddharth+15661868+QmbZxVaJtikCxPjpAh6AhLAqkWaY5afFocBGYBomEE1LSV+123456789+Qmf4f1s5h3npE116JbTdvLJNRZcWZnyHRTf2PN1kUgfkoS%22,1756,0,1
1684490199302,1658,HTTP Request,200,OK,Thread Group 1-4,text,true,,531,275,10,10,http://10.42.80.156:26657/broadcast_tx_commit?tx=%22ADD+Siddharth+60207375+QmbZxVaJtikCxPjpAh6AhLAqkWaY5afFocBGYBomEE1LSV+123456789+Qmf4f1s5h3npE116JbTdvLJNRZcWZnyHRTf2PN1kUgfkoS%22,1658,0,1
1684490199403,1557,HTTP Request,200,OK,Thread Group 1-5,text,true,,531,275,10,10,http://10.42.80.156:26657/broadcast_tx_commit?tx=%22ADD+Siddharth+61745491+QmbZxVaJtikCxPjpAh6AhLAqkWaY5afFocBGYBomEE1LSV+123456789+Qmf4f1s5h3npE116JbTdvLJNRZcWZnyHRTf2PN1kUgfkoS%22,1557,0,1
1684490199504,1457,HTTP Request,200,OK,Thread Group 1-6,text,true,,531,275,10,10,http://10.42.80.156:26657/broadcast_tx_commit?tx=%22ADD+Siddharth+86722528+QmbZxVaJtikCxPjpAh6AhLAqkWaY5afFocBGYBomEE1LSV+123456789+Qmf4f1s5h3npE116JbTdvLJNRZcWZnyHRTf2PN1kUgfkoS%22,1457,0,0
1684490199103,1857,HTTP Request,200,OK,Thread Group 1-2,text,true,,531,275,10,10,http://10.42.80.156:26657/broadcast_tx_commit?tx=%22ADD+Siddharth+56015257+QmbZxVaJtikCxPjpAh6AhLAqkWaY5afFocBGYBomEE1LSV+123456789+Qmf4f1s5h3npE116JbTdvLJNRZcWZnyHRTf2PN1kUgfkoS%22,1857,0,1
1684490199605,1356,HTTP Request,200,OK,Thread Group 1-7,text,true,,531,275,10,10,http://10.42.80.156:26657/broadcast_tx_commit?tx=%22ADD+Siddharth+23622877+QmbZxVaJtikCxPjpAh6AhLAqkWaY5afFocBGYBomEE1LSV+123456789+Qmf4f1s5h3npE116JbTdvLJNRZcWZnyHRTf2PN1kUgfkoS%22,1356,0,1
1684490199705,1256,HTTP Request,200,OK,Thread Group 1-8,text,true,,531,275,10,10,http://10.42.80.156:26657/broadcast_tx_commit?tx=%22ADD+Siddharth+22223390+QmbZxVaJtikCxPjpAh6AhLAqkWaY5afFocBGYBomEE1LSV+123456789+Qmf4f1s5h3npE116JbTdvLJNRZcWZnyHRTf2PN1kUgfkoS%22,1256,0,1
1684490199904,1057,HTTP Request,200,OK,Thread Group 1-10,text,true,,531,275,10,10,http://10.42.80.156:26657/broadcast_tx_commit?tx=%22ADD+Siddharth+87833739+QmbZxVaJtikCxPjpAh6AhLAqkWaY5afFocBGYBomEE1LSV+123456789+Qmf4f1s5h3npE116JbTdvLJNRZcWZnyHRTf2PN1kUgfkoS%22,1057,0,1
1684490199605,1356,HTTP Request,200,OK,Thread Group 1-1,text,true,,531,275,10,10,http://10.42.80.156:26657/broadcast_tx_commit?tx=%22ADD+Siddharth+55825354+QmbZxVaJtikCxPjpAh6AhLAqkWaY5afFocBGYBomEE1LSV+123456789+Qmf4f1s5h3npE116JbTdvLJNRZcWZnyHRTf2PN1kUgfkoS%22,1356,0,0
1684490199807,1155,HTTP Request,200,OK,Thread Group 1-9,text,true,,531,275,10,10,http://10.42.80.156:26657/broadcast_tx_commit?tx=%22ADD+Siddharth+68008614+QmbZxVaJtikCxPjpAh6AhLAqkWaY5afFocBGYBomEE1LSV+123456789+Qmf4f1s5h3npE116JbTdvLJNRZcWZnyHRTf2PN1kUgfkoS%22,1155,0,0
1684490200961,1623,HTTP Request,200,OK,Thread Group 1-6,text,true,,531,275,10,10,http://10.42.80.156:26657/broadcast_tx_commit?tx=%22ADD+Siddharth+11072075+QmbZxVaJtikCxPjpAh6AhLAqkWaY5afFocBGYBomEE1LSV+123456789+Qmf4f1s5h3npE116JbTdvLJNRZcWZnyHRTf2PN1kUgfkoS%22,1623,0,0
1684490200961,1623,HTTP Request,200,OK,Thread Group 1-2,text,true,,531,275,10,10,http://10.42.80.156:26657/broadcast_tx_commit?tx=%22ADD+Siddharth+12349537+QmbZxVaJtikCxPjpAh6AhLAqkWaY5afFocBGYBomEE1LSV+123456789+Qmf4f1s5h3npE116JbTdvLJNRZcWZnyHRTf2PN1kUgfkoS%22,1623,0,0
1684490200961,1623,HTTP Request,200,OK,Thread Group 1-3,text,true,,531,275,10,10,http://10.42.80.156:26657/broadcast_tx_commit?tx=%22ADD+Siddharth+80349041+QmbZxVaJtikCxPjpAh6AhLAqkWaY5afFocBGYBomEE1LSV+123456789+Qmf4f1s5h3npE116JbTdvLJNRZcWZnyHRTf2PN1kUgfkoS%22,1623,0,0
1684490200961,1623,HTTP Request,200,OK,Thread Group 1-5,text,true,,531,275,10,10,http://10.42.80.156:26657/broadcast_tx_commit?tx=%22ADD+Siddharth+72675836+QmbZxVaJtikCxPjpAh6AhLAqkWaY5afFocBGYBomEE1LSV+123456789+Qmf4f1s5h3npE116JbTdvLJNRZcWZnyHRTf2PN1kUgfkoS%22,1623,0,0
1684490200961,1624,HTTP Request,200,OK,Thread Group 1-10,text,true,,531,275,10,10,http://10.42.80.156:26657/broadcast_tx_commit?tx=%22ADD+Siddharth+16934429+QmbZxVaJtikCxPjpAh6AhLAqkWaY5afFocBGYBomEE1LSV+123456789+Qmf4f1s5h3npE116JbTdvLJNRZcWZnyHRTf2PN1kUgfkoS%22,1624,0,0
1684490200961,1624,HTTP Request,200,OK,Thread Group 1-8,text,true,,531,275,10,10,http://10.42.80.156:26657/broadcast_tx_commit?tx=%22ADD+Siddharth+31322767+QmbZxVaJtikCxPjpAh6AhLAqkWaY5afFocBGYBomEE1LSV+123456789+Qmf4f1s5h3npE116JbTdvLJNRZcWZnyHRTf2PN1kUgfkoS%22,1624,0,0
1684490200961,1624,HTTP Request,200,OK,Thread Group 1-4,text,true,,531,275,10,10,http://10.42.80.156:26657/broadcast_tx_commit?tx=%22ADD+Siddharth+17929594+QmbZxVaJtikCxPjpAh6AhLAqkWaY5afFocBGYBomEE1LSV+123456789+Qmf4f1s5h3npE116JbTdvLJNRZcWZnyHRTf2PN1kUgfkoS%22,1624,0,0
1684490200961,1624,HTTP Request,200,OK,Thread Group 1-7,text,true,,531,275,10,10,http://10.42.80.156:26657/broadcast_tx_commit?tx=%22ADD+Siddharth+54531642+QmbZxVaJtikCxPjpAh6AhLAqkWaY5afFocBGYBomEE1LSV+123456789+Qmf4f1s5h3npE116JbTdvLJNRZcWZnyHRTf2PN1kUgfkoS%22,1624,0,0
1684490200962,1623,HTTP Request,200,OK,Thread Group 1-9,text,true,,531,275,10,10,http://10.42.80.156:26657/broadcast_tx_commit?tx=%22ADD+Siddharth+82099519+QmbZxVaJtikCxPjpAh6AhLAqkWaY5afFocBGYBomEE1LSV+123456789+Qmf4f1s5h3npE116JbTdvLJNRZcWZnyHRTf2PN1kUgfkoS%22,1623,0,0
1684490200962,1623,HTTP Request,200,OK,Thread Group 1-1,text,true,,531,275,10,10,http://10.42.80.156:26657/broadcast_tx_commit?tx=%22ADD+Siddharth+18930531+QmbZxVaJtikCxPjpAh6AhLAqkWaY5afFocBGYBomEE1LSV+123456789+Qmf4f1s5h3npE116JbTdvLJNRZcWZnyHRTf2PN1kUgfkoS%22,1623,0,0
1684490202584,1345,HTTP Request,200,OK,Thread Group 1-6,text,true,,531,275,10,10,http://10.42.80.156:26657/broadcast_tx_commit?tx=%22ADD+Siddharth+60470058+QmbZxVaJtikCxPjpAh6AhLAqkWaY5afFocBGYBomEE1LSV+123456789+Qmf4f1s5h3npE116JbTdvLJNRZcWZnyHRTf2PN1kUgfkoS%22,1345,0,0
1684490202585,1344,HTTP Request,200,OK,Thread Group 1-8,text,true,,531,275,10,10,http://10.42.80.156:26657/broadcast_tx_commit?tx=%22ADD+Siddharth+53907331+QmbZxVaJtikCxPjpAh6AhLAqkWaY5afFocBGYBomEE1LSV+123456789+Qmf4f1s5h3npE116JbTdvLJNRZcWZnyHRTf2PN1kUgfkoS%22,1344,0,0
1684490202584,1345,HTTP Request,200,OK,Thread Group 1-2,text,true,,531,275,10,10,http://10.42.80.156:26657/broadcast_tx_commit?tx=%22ADD+Siddharth+94572911+QmbZxVaJtikCxPjpAh6AhLAqkWaY5afFocBGYBomEE1LSV+123456789+Qmf4f1s5h3npE116JbTdvLJNRZcWZnyHRTf2PN1kUgfkoS%22,1345,0,0
1684490202585,1344,HTTP Request,200,OK,Thread Group 1-1,text,true,,531,275,10,10,http://10.42.80.156:26657/broadcast_tx_commit?tx=%22ADD+Siddharth+69040190+QmbZxVaJtikCxPjpAh6AhLAqkWaY5afFocBGYBomEE1LSV+123456789+Qmf4f1s5h3npE116JbTdvLJNRZcWZnyHRTf2PN1kUgfkoS%22,1344,0,0
1684490202585,1344,HTTP Request,200,OK,Thread Group 1-10,text,true,,531,275,10,10,http://10.42.80.156:26657/broadcast_tx_commit?tx=%22ADD+Siddharth+83623252+QmbZxVaJtikCxPjpAh6AhLAqkWaY5afFocBGYBomEE1LSV+123456789+Qmf4f1s5h3npE116JbTdvLJNRZcWZnyHRTf2PN1kUgfkoS%22,1344,0,0
1684490202584,1345,HTTP Request,200,OK,Thread Group 1-5,text,true,,531,275,10,10,http://10.42.80.156:26657/broadcast_tx_commit?tx=%22ADD+Siddharth+39663037+QmbZxVaJtikCxPjpAh6AhLAqkWaY5afFocBGYBomEE1LSV+123456789+Qmf4f1s5h3npE116JbTdvLJNRZcWZnyHRTf2PN1kUgfkoS%22,1345,0,0
1684490202584,1345,HTTP Request,200,OK,Thread Group 1-3,text,true,,531,275,10,10,http://10.42.80.156:26657/broadcast_tx_commit?tx=%22ADD+Siddharth+22509526+QmbZxVaJtikCxPjpAh6AhLAqkWaY5afFocBGYBomEE1LSV+123456789+Qmf4f1s5h3npE116JbTdvLJNRZcWZnyHRTf2PN1kUgfkoS%22,1345,0,0
1684490202585,1344,HTTP Request,200,OK,Thread Group 1-7,text,true,,531,275,10,10,http://10.42.80.156:26657/broadcast_tx_commit?tx=%22ADD+Siddharth+33966848+QmbZxVaJtikCxPjpAh6AhLAqkWaY5afFocBGYBomEE1LSV+123456789+Qmf4f1s5h3npE116JbTdvLJNRZcWZnyHRTf2PN1kUgfkoS%22,1344,0,0
1684490202585,1344,HTTP Request,200,OK,Thread Group 1-9,text,true,,531,275,10,10,http://10.42.80.156:26657/broadcast_tx_commit?tx=%22ADD+Siddharth+57726943+QmbZxVaJtikCxPjpAh6AhLAqkWaY5afFocBGYBomEE1LSV+123456789+Qmf4f1s5h3npE116JbTdvLJNRZcWZnyHRTf2PN1kUgfkoS%22,1344,0,0
1684490202585,1345,HTTP Request,200,OK,Thread Group 1-4,text,true,,531,275,10,10,http://10.42.80.156:26657/broadcast_tx_commit?tx=%22ADD+Siddharth+73551994+QmbZxVaJtikCxPjpAh6AhLAqkWaY5afFocBGYBomEE1LSV+123456789+Qmf4f1s5h3npE116JbTdvLJNRZcWZnyHRTf2PN1kUgfkoS%22,1345,0,0
1684490203929,1728,HTTP Request,200,OK,Thread Group 1-8,text,true,,531,275,10,10,http://10.42.80.156:26657/broadcast_tx_commit?tx=%22ADD+Siddharth+73175775+QmbZxVaJtikCxPjpAh6AhLAqkWaY5afFocBGYBomEE1LSV+123456789+Qmf4f1s5h3npE116JbTdvLJNRZcWZnyHRTf2PN1kUgfkoS%22,1728,0,0
1684490203929,1728,HTTP Request,200,OK,Thread Group 1-1,text,true,,531,275,10,10,http://10.42.80.156:26657/broadcast_tx_commit?tx=%22ADD+Siddharth+31535897+QmbZxVaJtikCxPjpAh6AhLAqkWaY5afFocBGYBomEE1LSV+123456789+Qmf4f1s5h3npE116JbTdvLJNRZcWZnyHRTf2PN1kUgfkoS%22,1728,0,0
1684490203929,1728,HTTP Request,200,OK,Thread Group 1-2,text,true,,531,275,10,10,http://10.42.80.156:26657/broadcast_tx_commit?tx=%22ADD+Siddharth+24036353+QmbZxVaJtikCxPjpAh6AhLAqkWaY5afFocBGYBomEE1LSV+123456789+Qmf4f1s5h3npE116JbTdvLJNRZcWZnyHRTf2PN1kUgfkoS%22,1728,0,0
1684490203930,1727,HTTP Request,200,OK,Thread Group 1-9,text,true,,531,275,9,9,http://10.42.80.156:26657/broadcast_tx_commit?tx=%22ADD+Siddharth+47106969+QmbZxVaJtikCxPjpAh6AhLAqkWaY5afFocBGYBomEE1LSV+123456789+Qmf4f1s5h3npE116JbTdvLJNRZcWZnyHRTf2PN1kUgfkoS%22,1727,0,0
1684490203929,1728,HTTP Request,200,OK,Thread Group 1-5,text,true,,531,275,9,9,http://10.42.80.156:26657/broadcast_tx_commit?tx=%22ADD+Siddharth+76347037+QmbZxVaJtikCxPjpAh6AhLAqkWaY5afFocBGYBomEE1LSV+123456789+Qmf4f1s5h3npE116JbTdvLJNRZcWZnyHRTf2PN1kUgfkoS%22,1728,0,0
1684490203929,1728,HTTP Request,200,OK,Thread Group 1-7,text,true,,531,275,9,9,http://10.42.80.156:26657/broadcast_tx_commit?tx=%22ADD+Siddharth+18414866+QmbZxVaJtikCxPjpAh6AhLAqkWaY5afFocBGYBomEE1LSV+123456789+Qmf4f1s5h3npE116JbTdvLJNRZcWZnyHRTf2PN1kUgfkoS%22,1728,0,0
1684490203929,1728,HTTP Request,200,OK,Thread Group 1-10,text,true,,531,275,9,9,http://10.42.80.156:26657/broadcast_tx_commit?tx=%22ADD+Siddharth+86832897+QmbZxVaJtikCxPjpAh6AhLAqkWaY5afFocBGYBomEE1LSV+123456789+Qmf4f1s5h3npE116JbTdvLJNRZcWZnyHRTf2PN1kUgfkoS%22,1728,0,0
1684490203929,1729,HTTP Request,200,OK,Thread Group 1-3,text,true,,531,275,9,9,http://10.42.80.156:26657/broadcast_tx_commit?tx=%22ADD+Siddharth+56726643+QmbZxVaJtikCxPjpAh6AhLAqkWaY5afFocBGYBomEE1LSV+123456789+Qmf4f1s5h3npE116JbTdvLJNRZcWZnyHRTf2PN1kUgfkoS%22,1729,0,0
1684490203930,1728,HTTP Request,200,OK,Thread Group 1-4,text,true,,531,275,9,9,http://10.42.80.156:26657/broadcast_tx_commit?tx=%22ADD+Siddharth+69905868+QmbZxVaJtikCxPjpAh6AhLAqkWaY5afFocBGYBomEE1LSV+123456789+Qmf4f1s5h3npE116JbTdvLJNRZcWZnyHRTf2PN1kUgfkoS%22,1728,0,0
1684490203929,1729,HTTP Request,200,OK,Thread Group 1-6,text,true,,531,275,9,9,http://10.42.80.156:26657/broadcast_tx_commit?tx=%22ADD+Siddharth+25937605+QmbZxVaJtikCxPjpAh6AhLAqkWaY5afFocBGYBomEE1LSV+123456789+Qmf4f1s5h3npE116JbTdvLJNRZcWZnyHRTf2PN1kUgfkoS%22,1729,0,0
1684490205657,1231,HTTP Request,200,OK,Thread Group 1-2,text,true,,531,275,9,9,http://10.42.80.156:26657/broadcast_tx_commit?tx=%22ADD+Siddharth+74660100+QmbZxVaJtikCxPjpAh6AhLAqkWaY5afFocBGYBomEE1LSV+123456789+Qmf4f1s5h3npE116JbTdvLJNRZcWZnyHRTf2PN1kUgfkoS%22,1231,0,0
1684490205657,1231,HTTP Request,200,OK,Thread Group 1-8,text,true,,531,275,9,9,http://10.42.80.156:26657/broadcast_tx_commit?tx=%22ADD+Siddharth+49935313+QmbZxVaJtikCxPjpAh6AhLAqkWaY5afFocBGYBomEE1LSV+123456789+Qmf4f1s5h3npE116JbTdvLJNRZcWZnyHRTf2PN1kUgfkoS%22,1231,0,0
1684490205657,1232,HTTP Request,200,OK,Thread Group 1-5,text,true,,531,275,9,9,http://10.42.80.156:26657/broadcast_tx_commit?tx=%22ADD+Siddharth+73702433+QmbZxVaJtikCxPjpAh6AhLAqkWaY5afFocBGYBomEE1LSV+123456789+Qmf4f1s5h3npE116JbTdvLJNRZcWZnyHRTf2PN1kUgfkoS%22,1232,0,0
1684490205657,1232,HTTP Request,200,OK,Thread Group 1-7,text,true,,531,275,9,9,http://10.42.80.156:26657/broadcast_tx_commit?tx=%22ADD+Siddharth+42100629+QmbZxVaJtikCxPjpAh6AhLAqkWaY5afFocBGYBomEE1LSV+123456789+Qmf4f1s5h3npE116JbTdvLJNRZcWZnyHRTf2PN1kUgfkoS%22,1232,0,0
1684490205658,1231,HTTP Request,200,OK,Thread Group 1-4,text,true,,531,275,9,9,http://10.42.80.156:26657/broadcast_tx_commit?tx=%22ADD+Siddharth+28133011+QmbZxVaJtikCxPjpAh6AhLAqkWaY5afFocBGYBomEE1LSV+123456789+Qmf4f1s5h3npE116JbTdvLJNRZcWZnyHRTf2PN1kUgfkoS%22,1231,0,0
1684490205658,1231,HTTP Request,200,OK,Thread Group 1-3,text,true,,531,275,9,9,http://10.42.80.156:26657/broadcast_tx_commit?tx=%22ADD+Siddharth+63542470+QmbZxVaJtikCxPjpAh6AhLAqkWaY5afFocBGYBomEE1LSV+123456789+Qmf4f1s5h3npE116JbTdvLJNRZcWZnyHRTf2PN1kUgfkoS%22,1231,0,0
1684490205658,1231,HTTP Request,200,OK,Thread Group 1-6,text,true,,531,275,7,7,http://10.42.80.156:26657/broadcast_tx_commit?tx=%22ADD+Siddharth+93243813+QmbZxVaJtikCxPjpAh6AhLAqkWaY5afFocBGYBomEE1LSV+123456789+Qmf4f1s5h3npE116JbTdvLJNRZcWZnyHRTf2PN1kUgfkoS%22,1231,0,0
1684490205657,1232,HTTP Request,200,OK,Thread Group 1-9,text,true,,531,275,7,7,http://10.42.80.156:26657/broadcast_tx_commit?tx=%22ADD+Siddharth+12827940+QmbZxVaJtikCxPjpAh6AhLAqkWaY5afFocBGYBomEE1LSV+123456789+Qmf4f1s5h3npE116JbTdvLJNRZcWZnyHRTf2PN1kUgfkoS%22,1232,0,0
1684490205657,1232,HTTP Request,200,OK,Thread Group 1-10,text,true,,531,275,6,6,http://10.42.80.156:26657/broadcast_tx_commit?tx=%22ADD+Siddharth+12415412+QmbZxVaJtikCxPjpAh6AhLAqkWaY5afFocBGYBomEE1LSV+123456789+Qmf4f1s5h3npE116JbTdvLJNRZcWZnyHRTf2PN1kUgfkoS%22,1232,0,0
